total_trips,total_revenue,avg_fare,avg_tip_pct
6334213,179106084.75,22.896347269976555,13.288598517353432
